========================================================================================================================,,,,,,,
File Design Information:,,,,,,,
,,,,,,,
Date:       15/12/21,,,,,,,
Time:       16:37,,,,,,,
Revision:   Not in VersionControl,,,,,,,
Variant:    No variations,,,,,,,
Units used: mm,,,,,,,
,,,,,,,
Designator,Comment,Layer,Footprint,Center-X(mm),Center-Y(mm),Rotation,Description
FED4_1,FEDUCIAL_1MM,BottomLayer,FEDUCIAL,105.5,56.5,180,
FED5_1,FEDUCIAL_1MM,TopLayer,FEDUCIAL,105.5,56.5,0,
FED4_2,FEDUCIAL_1MM,BottomLayer,FEDUCIAL,124.5,56.5,180,
FED5_2,FEDUCIAL_1MM,TopLayer,FEDUCIAL,124.5,56.5,0,
FED5,FEDUCIAL_1MM,TopLayer,FEDUCIAL,105.5,83.5,0,
FED4,FEDUCIAL_1MM,BottomLayer,FEDUCIAL,105.5,83.5,180,
FED3,FEDUCIAL_1MM,BottomLayer,FEDUCIAL,124.5,83.5,180,
FED2,FEDUCIAL_1MM,TopLayer,FEDUCIAL,124.5,83.5,0,
U6,VEML3328,BottomLayer,Vishay_VEML3328,115,65,180,"IC, Color Sensor, RGBCIR, I2C/SMBus, 2.6-3.6V, -40/+85, SMD"
U5,"PCA9633TK,118",TopLayer,SON-8[4-4]_0.3_0.5_3x3x0.8_EP[1.65x2.25],124.35,64.275,270,"IC, LED Driver, 4Ch, 2.3-5.5V, 25mA/Ch, 100mAmax, -40/+85, HVSON-8"
U4,VEML3328,BottomLayer,Vishay_VEML3328,127,65,180,"IC, Color Sensor, RGBCIR, I2C/SMBus, 2.6-3.6V, -40/+85, SMD"
U3,VEML3328,BottomLayer,Vishay_VEML3328,103,65,180,"IC, Color Sensor, RGBCIR, I2C/SMBus, 2.6-3.6V, -40/+85, SMD"
U2,VEML3328,BottomLayer,Vishay_VEML3328,115,77,180,"IC, Color Sensor, RGBCIR, I2C/SMBus, 2.6-3.6V, -40/+85, SMD"
U1,PCA9546APW,TopLayer,TSSOP-16[8-8]_0.45_0.65_4.4x5x1.1,103.85,67.725,270,"IC, I2C/SMBus Switch, 4Ch, 400kHz, -40/+85, TSSOP-16"
TP3,SolderPoint_1.2,TopLayer,SSP_1.2,110.625,62.15,90,"Solder Point, 1.2mm, SMD"
TP2,SolderPoint_1.2,TopLayer,SSP_1.2,113,62.15,90,"Solder Point, 1.2mm, SMD"
TP1,SolderPoint_1.2,TopLayer,SSP_1.2,119.925,63.75,0,"Solder Point, 1.2mm, SMD"
R15,RC0402FR-0715RL,BottomLayer,R_0402,115,61.525,180,"Resistor, 15, 1%, 0.0625W, -55/+155, 0402"
R14,RC0402FR-0715RL,BottomLayer,R_0402,106,64.5,270,"Resistor, 15, 1%, 0.0625W, -55/+155, 0402"
R13,RC0402FR-0715RL,BottomLayer,R_0402,127,61.425,360,"Resistor, 15, 1%, 0.0625W, -55/+155, 0402"
R12,RC0402FR-0715RL,BottomLayer,R_0402,115,73.375,180,"Resistor, 15, 1%, 0.0625W, -55/+155, 0402"
R11,RC0402FR-074K7L,TopLayer,R_0402,115.65,59.35,270,"Resistor, 4.7K, 1%, 0.063W, -55/+155, 0402"
R10,RC0402FR-074K7L,TopLayer,R_0402,113.75,59.35,270,"Resistor, 4.7K, 1%, 0.063W, -55/+155, 0402"
R9,RC0402FR-07100KL,TopLayer,R_0402,106.15,73.825,90,"Resistor, 100K, 1%, 0.063W, -55/+155, 0402"
R8,RC0402FR-074K7L,TopLayer,R_0402,104.05,73.825,90,"Resistor, 4.7K, 1%, 0.063W, -55/+155, 0402"
R7,RC0402FR-074K7L,TopLayer,R_0402,105.1,73.825,90,"Resistor, 4.7K, 1%, 0.063W, -55/+155, 0402"
R6,RC0402FR-074K7L,TopLayer,R_0402,101.375,73.825,90,"Resistor, 4.7K, 1%, 0.063W, -55/+155, 0402"
R5,RC0402FR-074K7L,TopLayer,R_0402,102.425,73.825,90,"Resistor, 4.7K, 1%, 0.063W, -55/+155, 0402"
R4,RC0402FR-074K7L,TopLayer,R_0402,105.55,59.65,270,"Resistor, 4.7K, 1%, 0.063W, -55/+155, 0402"
R3,RC0402FR-074K7L,TopLayer,R_0402,101.875,61.8,180,"Resistor, 4.7K, 1%, 0.063W, -55/+155, 0402"
R2,RC0402FR-074K7L,TopLayer,R_0402,107.75,59.65,270,"Resistor, 4.7K, 1%, 0.063W, -55/+155, 0402"
R1,RC0402FR-074K7L,TopLayer,R_0402,106.65,59.65,270,"Resistor, 4.7K, 1%, 0.063W, -55/+155, 0402"
LED4,LTW-M140SZS40,BottomLayer,Lite-On_LTW-M140SZS40,115,63.1,360,"Diode, LED, White, 20mA, 3.2V, -30/+85, 3.0x1.4x1.2mm"
LED3,LTW-M140SZS40,BottomLayer,Lite-On_LTW-M140SZS40,103,63.025,180,"Diode, LED, White, 20mA, 3.2V, -30/+85, 3.0x1.4x1.2mm"
LED2,LTW-M140SZS40,BottomLayer,Lite-On_LTW-M140SZS40,127,63.1,360,"Diode, LED, White, 20mA, 3.2V, -30/+85, 3.0x1.4x1.2mm"
LED1,LTW-M140SZS40,BottomLayer,Lite-On_LTW-M140SZS40,115,75,360,"Diode, LED, White, 20mA, 3.2V, -30/+85, 3.0x1.4x1.2mm"
CON1,955016890,TopLayer,MOLEX_955016890,115,75.2875,180,"Conn, RJ-45, Unshielded, P-1.27mm, RA, -40/+85, SMD"
C9,CC0402KRX7R7BB104,TopLayer,C_0402,126.65,63.25,270,"Capacitor, 100nF, 16V, X7R, 10%, -55/+125,0402"
C8,CC0402KRX5R7BB105,TopLayer,C_0402,127.725,63.25,270,"Capacitor, 1uF, 16V, X5R, 10%, -55/+85, 0402"
C7,CC0402KRX7R7BB104,BottomLayer,C_0402,115,66.55,180,"Capacitor, 100nF, 16V, X7R, 10%, -55/+125,0402"
C6,CC0402KRX7R7BB104,BottomLayer,C_0402,127,66.65,180,"Capacitor, 100nF, 16V, X7R, 10%, -55/+125,0402"
C5,C0402C106M9PAC7867,TopLayer,C_0402,117.425,64.7,180,"Capacitor, 10uF, 6.3V, 20%, X5R, -55/+85 0402"
C4,CC0402KRX7R7BB104,BottomLayer,C_0402,103.05,66.4,180,"Capacitor, 100nF, 16V, X7R, 10%, -55/+125,0402"
C3,CC0402KRX7R7BB104,TopLayer,C_0402,107.3,64.75,90,"Capacitor, 100nF, 16V, X7R, 10%, -55/+125,0402"
C2,CC0402KRX5R7BB105,TopLayer,C_0402,108.4,64.75,90,"Capacitor, 1uF, 16V, X5R, 10%, -55/+85, 0402"
C1,CC0402KRX7R7BB104,BottomLayer,C_0402,115,78.425,180,"Capacitor, 100nF, 16V, X7R, 10%, -55/+125,0402"
